<?xml version="1.0" encoding="UTF-8"?>
<beans xmlns="http://www.springframework.org/schema/beans"
	xmlns:xsi="http://www.w3.org/2001/XMLSchema-instance" 
	xmlns:aop="http://www.springframework.org/schema/aop"
	xsi:schemaLocation="http://www.springframework.org/schema/beans 
	http://www.springframework.org/schema/beans/spring-beans-4.0.xsd">

	<bean id="currencyConverter" class="com.cg.intro.CurrencyConverterImpl">
		<constructor-arg value="1000"></constructor-arg>
		<!--<constructor-arg index="0"><value>44.25</value></constructor-arg>-->
		<!--<constructor-arg type="double"><value>44.25</value></constructor-arg>-->
	</bean>

    <bean class="com.cg.ioc.MyLife" init-method="born" destroy-method="die"></bean>
</beans>