<?xml version="1.0" encoding="UTF-8"?>
<beans xmlns="http://www.springframework.org/schema/beans"
	xmlns:xsi="http://www.w3.org/2001/XMLSchema-instance"
	xsi:schemaLocation="http://www.springframework.org/schema/beans http://www.springframework.org/schema/beans/spring-beans.xsd">

<bean id="emp" class="com.cg.introlab1_3.EmployeeXml">
<property name="employeeId" value="12345"></property>
<property name="employeeName" value="Harriet"></property>
<property name="salary" value="40000.0"></property>
</bean>
<bean id="emp1" class="com.cg.introlab1_3.EmployeeXml">
<property name="employeeId" value="12346"></property>
<property name="employeeName" value="durvesh"></property>
<property name="salary" value="40000.0"></property>
</bean>
<bean id="sbu" class="com.cg.introlab1_3.SBUXml">
<property name="sbuId" value="12"></property>
<property name="sbuName" value="Product Engg Services"></property>
<property name="sbuHead" value="Kiran Rao"></property>
<property name="empList">
<list>
<ref bean="emp"/>
<ref bean="emp1"/>
</list>
</property>
</bean>
</beans>
