<?xml version="1.0" encoding="UTF-8"?>
<beans xmlns="http://www.springframework.org/schema/beans"
	xmlns:xsi="http://www.w3.org/2001/XMLSchema-instance"
	xmlns:context="http://www.springframework.org/schema/context"
	xsi:schemaLocation="http://www.springframework.org/schema/beans http://www.springframework.org/schema/beans/spring-beans-4.3.xsd
		http://www.springframework.org/schema/context http://www.springframework.org/schema/context/spring-context-4.3.xsd">


<bean id="employee" class="com.cg.introlab1_4.Employee">
     <property name="ID" value="14545" />
     <property name="name" value="Tushar" />
     <property name="salary" value="17000" />
     </bean>
     
     <bean id="employee1" class="com.cg.introlab1_4.Employee">
     <property name="ID" value="14546" />
     <property name="name" value="Mayur" />
     <property name="salary" value="16000" />
     </bean>
</beans>
