<?xml version="1.0" encoding="UTF-8"?>
<beans xmlns="http://www.springframework.org/schema/beans"
	xmlns:xsi="http://www.w3.org/2001/XMLSchema-instance"
	xmlns:context="http://www.springframework.org/schema/context"
	xsi:schemaLocation="http://www.springframework.org/schema/beans http://www.springframework.org/schema/beans/spring-beans-4.3.xsd
		http://www.springframework.org/schema/context http://www.springframework.org/schema/context/spring-context-4.3.xsd">

<bean id="emp" class="com.cg.introlab1_2.EmployeeXml">
<property name="employeeId" value="12345"></property>
<property name="employeeName" value="Harriet"></property>
<property name="salary" value="40000.0"></property>
<property name="businessUnit" ref="sbu"></property>
</bean>

<bean id="sbu" class="com.cg.introlab1_2.SBUXml">
<property name="sbuId" value="12"></property>
<property name="sbuName" value="Product Engg Services"></property>
<property name="sbuHead" value="Kiran Rao"></property>
</bean>
</beans>
